Text;Label
In a historic move, the parliament passed a landmark bill today, aiming to reform the national education system and increase funding for public schools.;0
Diplomatic talks have resumed in an effort to ease tensions between neighboring countries, with hopes of reaching a peaceful resolution.;0
The recent election has seen a shift in power, with the Green Party making significant gains in several key districts.;0
A new policy aimed at reducing carbon emissions has been introduced, sparking debate among industry leaders and environmental activists.;0
The government has announced a major overhaul of the healthcare system, promising to improve services and accessibility for all citizens.;0
In a surprising turn of events, the opposition leader has extended an olive branch to the ruling party, suggesting a bipartisan approach to tackle economic challenges.;0
A controversial bill regarding internet privacy has been vetoed, citing concerns over citizen’s rights and freedom of expression.;0
The recent summit has resulted in a landmark agreement on trade, promising to boost the economy and strengthen international relations.;0
Political analysts are buzzing about the upcoming by-elections, which are predicted to be a litmus test for the current administration’s policies.;0
A new tax reform proposal has been introduced, aiming to close loopholes and ensure a fairer distribution of wealth.;0
The national team secured a thrilling victory in the final seconds of the game, advancing to the world championship.;1
A record-breaking performance at the marathon has catapulted a relatively unknown athlete into the spotlight.;1
The underdog team defied expectations, clinching the title in a dramatic upset that has fans celebrating nationwide.;1
A controversial penalty call has sparked debate across the sports community, with many calling for a review of the rules.;1
The veteran player announced their retirement, ending an illustrious career that has inspired a generation of athletes.;1
In a stunning display of skill, the rookie scored a hat-trick, leading the team to a decisive victory.;1
The championship game has been scheduled for next month, with fans eagerly anticipating a clash between the top contenders.;1
A new training facility has been unveiled, promising to provide world-class amenities for aspiring athletes.;1
The league has introduced a new salary cap policy, aiming to create a more balanced and competitive environment.;1
A major sponsorship deal has been signed, providing a significant financial boost to the sport’s development.;1
A breakthrough in battery technology promises to revolutionize the electric vehicle industry, with longer ranges and faster charging times.;2
Tech giants have unveiled their latest smartphones, featuring cutting-edge cameras and unprecedented processing power.;2
A new software update has been released, addressing security vulnerabilities and improving user experience.;2
Researchers have developed a groundbreaking AI algorithm that can accurately predict weather patterns weeks in advance.;2
A startup has launched an innovative app that connects freelancers with local businesses, streamlining the gig economy.;2
The latest wearable tech has hit the market, offering advanced health monitoring features and sleek designs.;2
A major cyber-attack has been thwarted, highlighting the importance of robust security measures in the digital age.;2
The annual tech conference has kicked off, showcasing the latest trends and inventions that are shaping the future.;2
A new virtual reality platform has been announced, promising an immersive experience like no other.;2
The race for quantum computing supremacy heats up, with several companies making significant strides in the field.;2
The box office hit of the season has shattered records, becoming the highest-grossing film of the year.;3
A beloved TV series has been renewed for another season, much to the delight of fans worldwide.;3
The music industry’s biggest night saw stunning performances and surprising wins at the annual awards ceremony.;3
A new streaming service has been launched, offering an extensive library of movies and shows at the click of a button.;3
The art world is abuzz with the discovery of a previously unknown masterpiece, now on display at a major museum.;3
A bestselling author has announced their latest novel, already generating buzz and anticipation among readers.;3
A groundbreaking theater production has opened to critical acclaim, challenging conventions and sparking conversations.;3
The gaming community is excited about the release of a highly anticipated video game, expected to set new industry standards.;3
A viral dance challenge has taken social media by storm, with millions participating and sharing their moves.;3
An iconic music festival has announced its lineup, featuring a diverse array of artists and genres.;3
The stock market saw a surge today, with investors responding positively to the latest economic indicators.;4
A major merger has been finalized, creating one of the largest conglomerates in the industry.;4
A new startup has secured significant funding, aiming to disrupt the traditional business model in their sector.;4
Consumer confidence is on the rise, reflecting optimism about the economy’s recovery and growth prospects.;4
A landmark trade deal has been signed, expected to boost exports and strengthen economic ties between countries.;4
Corporate leaders gathered for a summit focused on sustainable business practices and corporate responsibility.;4
A renowned CEO has stepped down, sparking speculation about the company’s future direction and leadership.;4
The latest employment report shows a decrease in jobless claims, signaling a strengthening labor market.;4
An innovative product has been launched, targeting a niche market with potential for significant growth.;4
A major brand has announced a rebranding initiative, aiming to modernize its image and appeal to a younger demographic.;4
